views,mature,life_time,created_at,updated_at,numeric_id,dead_account,language,affiliate
7879,1,969,2/16/2016,10/12/2018,0,0,EN,1
500,0,2699,5/19/2011,10/8/2018,1,0,EN,0
382502,1,3149,2/27/2010,10/12/2018,2,0,EN,1
386,0,1344,1/26/2015,10/1/2018,3,0,EN,0
2486,0,1784,11/22/2013,10/11/2018,4,0,EN,0
4987,1,1288,4/3/2015,10/12/2018,5,0,EN,1
234,0,358,9/14/2017,9/7/2018,6,0,EN,0
775,1,577,3/14/2017,10/12/2018,7,0,FR,0
69020,0,1781,11/22/2013,10/8/2018,8,0,EN,0
32073,0,499,5/31/2017,10/12/2018,9,0,KO,1
94,0,1879,8/17/2013,10/9/2018,10,0,EN,0
10254468,0,1715,1/31/2014,10/12/2018,11,0,EN,0
2178,0,908,4/16/2016,10/11/2018,12,0,JA,0
4871,0,449,7/19/2017,10/11/2018,13,0,EN,0
2002,0,1910,5/17/2013,8/9/2018,14,0,RU,0
33882,1,2134,12/8/2012,10/12/2018,15,0,EN,1
200,0,324,10/21/2017,9/10/2018,16,0,EN,0
11624,1,2299,6/15/2012,10/1/2018,17,0,EN,0
1160,0,1050,11/26/2015,10/11/2018,18,0,EN,0
144812,1,2175,10/28/2012,10/12/2018,19,0,EN,1
1885,1,2273,7/21/2012,10/11/2018,20,0,EN,1
52160,0,2845,12/27/2010,10/11/2018,21,0,EN,0
212680,1,2056,2/24/2013,10/12/2018,22,0,PL,0
14538,0,998,1/16/2016,10/10/2018,23,0,RU,1
339218,1,1868,8/31/2013,10/12/2018,24,0,EN,1
1025,0,1207,6/18/2015,10/7/2018,25,0,DE,0
9528,0,1459,10/14/2014,10/12/2018,26,0,EN,1
2802,1,1931,6/29/2013,10/12/2018,27,0,EN,0
162078,1,2149,11/23/2012,10/12/2018,28,0,DE,1
2585,1,861,6/2/2016,10/11/2018,29,0,FR,0
1370,1,1574,5/24/2014,9/14/2018,30,0,DE,0
4405,0,1522,8/8/2014,10/8/2018,31,0,ES,1
21502,0,2729,4/8/2011,9/27/2018,32,0,EN,0
745,0,1027,12/20/2015,10/12/2018,33,0,EN,0
17042,1,961,2/23/2016,10/11/2018,34,0,IT,1
2559,0,2066,1/21/2013,9/18/2018,35,0,EN,0
5950,1,3394,6/27/2009,10/12/2018,36,0,EN,1
8231,0,1648,4/3/2014,10/7/2018,37,0,EN,1
879,1,1139,8/29/2015,10/11/2018,38,0,EN,0
3615,1,1629,4/25/2014,10/10/2018,39,0,EN,1
2497,1,1020,12/27/2015,10/12/2018,40,0,EN,1
19442,1,2185,10/18/2012,10/12/2018,41,0,EN,0
8541,1,1738,1/7/2014,10/11/2018,42,0,RU,0
3874,0,1010,1/6/2016,10/12/2018,43,0,EN,1
14944,0,2081,1/13/2013,9/25/2018,44,0,EN,0
46546,1,411,8/27/2017,10/12/2018,45,0,EN,1
711,1,1948,6/10/2013,10/10/2018,46,0,EN,0
9273,0,1101,10/6/2015,10/11/2018,47,0,EN,1
1566,0,523,5/6/2017,10/11/2018,48,0,FR,1
5667,0,1684,2/20/2014,10/1/2018,49,0,EN,1
123420,0,1000,1/16/2016,10/12/2018,50,0,EN,1
5863,1,953,2/29/2016,10/9/2018,51,0,EN,1
370,0,3310,9/19/2009,10/12/2018,52,0,EN,0
795,1,489,5/13/2017,9/14/2018,53,0,EN,0
9713,0,2234,8/30/2012,10/12/2018,54,0,FR,1
6043,1,1034,12/13/2015,10/12/2018,55,0,EN,1
28380,0,2117,12/24/2012,10/11/2018,56,0,EN,1
256,1,1244,4/12/2015,9/7/2018,57,0,EN,0
8788,1,2339,5/14/2012,10/9/2018,58,0,EN,0
383,0,361,10/12/2017,10/8/2018,59,0,EN,0
856821,1,3493,3/20/2009,10/12/2018,60,0,EN,1
744,0,894,4/29/2016,10/10/2018,61,0,EN,0
1168,1,1896,7/27/2013,10/5/2018,62,0,EN,0
12359,1,406,9/1/2017,10/12/2018,63,0,EN,1
996,1,1574,6/18/2014,10/9/2018,64,0,EN,0
5594,1,741,10/1/2016,10/12/2018,65,0,EN,1
39110,1,1863,9/5/2013,10/12/2018,66,0,FR,1
929459,0,1943,6/17/2013,10/12/2018,67,0,PT,0
9350,0,715,10/27/2016,10/12/2018,68,0,KO,1
4594,0,1820,10/17/2013,10/11/2018,69,0,EN,0
3059,0,182,4/12/2018,10/11/2018,70,0,EN,1
75,1,1769,11/30/2013,10/4/2018,71,0,EN,0
5639,0,852,5/30/2016,9/29/2018,72,0,EN,0
44529,1,1896,7/29/2013,10/7/2018,73,0,FR,1
1042,0,1807,10/30/2013,10/11/2018,74,0,EN,1
784,0,1742,12/24/2013,10/1/2018,75,0,EN,0
1958,0,456,7/10/2017,10/9/2018,76,0,EN,1
3409,1,1609,5/17/2014,10/12/2018,77,0,EN,1
49854,0,1461,10/12/2014,10/12/2018,78,0,RU,1
33356,0,1984,4/30/2013,10/5/2018,79,0,IT,0
7738,0,1794,11/13/2013,10/12/2018,80,0,EN,0
77565,0,2456,1/16/2012,10/7/2018,81,0,EN,1
255,1,1867,7/2/2013,8/12/2018,82,0,EN,0
94298,1,1319,3/2/2015,10/11/2018,83,0,DE,0
2639,0,1018,12/29/2015,10/12/2018,84,0,EN,1
1974604,1,631,1/19/2017,10/12/2018,85,0,EN,0
4740,1,1155,8/9/2015,10/7/2018,86,0,EN,1
9529,1,369,10/8/2017,10/12/2018,87,0,EN,1
7149,1,2170,10/27/2012,10/6/2018,88,0,EN,0
1442,1,397,9/6/2017,10/8/2018,89,0,EN,0
18460,0,2070,2/10/2013,10/12/2018,90,0,EN,1
3477,0,1157,8/9/2015,10/9/2018,91,0,EN,1
3955,1,1523,8/7/2014,10/8/2018,92,0,EN,0
2003,0,374,10/3/2017,10/12/2018,93,0,EN,0
922,0,899,4/25/2016,10/11/2018,94,0,EN,1
1108,1,1163,8/5/2015,10/11/2018,95,0,EN,0
257,0,775,8/19/2016,10/3/2018,96,0,EN,0
47789,1,3234,12/4/2009,10/12/2018,97,0,EN,1
2154,1,2075,2/1/2013,10/8/2018,98,0,EN,0
2060,1,3272,10/4/2009,9/19/2018,99,0,EN,0
2073,1,597,2/17/2017,10/7/2018,100,0,EN,1
164810,0,768,9/4/2016,10/12/2018,101,0,ES,0
9429,0,1249,5/12/2015,10/12/2018,102,0,EN,0
5444,0,755,9/13/2016,10/8/2018,103,0,EN,1
10540,1,1973,4/25/2013,9/19/2018,104,0,EN,1
103322,0,2489,9/27/2011,7/21/2018,105,0,ES,0
8436,0,2021,3/27/2013,10/8/2018,106,0,EN,1
2203,1,2052,2/23/2013,10/7/2018,107,0,OTHER,1
1946,0,1399,12/10/2014,10/9/2018,108,0,TR,0
10529,1,673,12/1/2016,10/5/2018,109,0,EN,1
2112,1,1824,9/6/2013,9/4/2018,110,0,EN,0
119221,0,1998,4/23/2013,10/12/2018,111,0,EN,0
3945,1,519,4/9/2017,9/10/2018,112,0,EN,0
295,1,1697,2/18/2014,10/12/2018,113,0,EN,0
8766,1,1595,5/31/2014,10/12/2018,114,0,EN,1
4093,0,808,7/26/2016,10/12/2018,115,0,EN,1
13003233,0,3039,6/17/2010,10/12/2018,116,0,EN,0
1971793,0,1477,9/26/2014,10/12/2018,117,0,EN,0
120872,1,883,5/12/2016,10/12/2018,118,0,EN,0
4553,1,450,7/19/2017,10/12/2018,119,0,EN,1
140,0,911,3/25/2016,9/22/2018,120,0,EN,0
411,0,1816,10/16/2013,10/6/2018,121,0,EN,0
306,1,537,3/25/2017,9/13/2018,122,0,EN,0
2307,1,2644,7/16/2011,10/11/2018,123,0,EN,0
5581,1,2129,12/13/2012,10/12/2018,124,0,EN,0
124,1,1171,7/20/2015,10/3/2018,125,0,EN,0
60918,0,1729,1/17/2014,10/12/2018,126,0,PL,1
147,0,1005,1/10/2016,10/11/2018,127,0,EN,0
162,0,1564,4/28/2014,8/9/2018,128,0,EN,0
6456,1,2322,6/3/2012,10/12/2018,129,0,ZH,1
10759,0,948,3/6/2016,10/10/2018,130,0,EN,1
2323,1,2137,12/5/2012,10/12/2018,131,0,DE,0
34130,1,1936,6/23/2013,10/11/2018,132,0,EN,1
793,1,1347,2/3/2015,10/12/2018,133,0,EN,0
2758,1,1233,5/28/2015,10/12/2018,134,0,EN,1
16797,0,174,4/21/2018,10/12/2018,135,0,EN,1
2479,0,2769,12/18/2010,7/18/2018,136,0,EN,0
170155,0,1812,10/26/2013,10/12/2018,137,0,EN,1
507,1,1287,2/12/2015,8/22/2018,138,0,EN,0
41660,1,1868,7/3/2013,8/14/2018,139,0,FR,0
807,1,1411,11/20/2014,10/1/2018,140,0,DE,1
4374,0,1748,12/27/2013,10/10/2018,141,0,EN,0
13180,1,1520,8/14/2014,10/12/2018,142,0,EN,1
794,1,1051,10/25/2015,9/10/2018,143,0,EN,0
11194,0,1633,4/19/2014,10/8/2018,144,0,PT,0
4279,1,1264,4/27/2015,10/12/2018,145,0,EN,1
3453,1,1627,4/16/2014,9/29/2018,146,0,EN,0
3482,1,708,11/3/2016,10/12/2018,147,0,EN,1
2102612,1,1372,1/9/2015,10/12/2018,148,0,PL,0
5951,1,2588,9/11/2011,10/12/2018,149,0,EN,1
2178,1,2365,4/10/2012,10/1/2018,150,0,EN,0
204,1,846,6/15/2016,10/9/2018,151,0,EN,0
10509729,0,2521,11/17/2011,10/12/2018,152,0,EN,0
630,0,1082,8/30/2015,8/16/2018,153,0,EN,0
43650,0,2145,11/27/2012,10/12/2018,154,0,EN,1
14557,1,2078,1/14/2013,9/23/2018,155,0,EN,1
66068,0,2143,11/26/2012,10/9/2018,156,0,ZH,1
911,0,1998,4/16/2013,10/5/2018,157,0,EN,0
24020,1,1322,2/27/2015,10/11/2018,158,0,EN,1
1357,1,1361,1/6/2015,9/28/2018,159,0,EN,1
1064,1,936,3/16/2016,10/8/2018,160,0,EN,1
238,0,2681,6/7/2011,10/9/2018,161,0,EN,0
1341,0,1879,6/11/2013,8/3/2018,162,0,EN,0
3968,0,1646,4/6/2014,10/8/2018,163,0,EN,1
22228,0,543,4/16/2017,10/11/2018,164,0,KO,1
13697,0,3226,11/29/2009,9/29/2018,165,0,EN,1
9116,0,2092,12/11/2012,9/3/2018,166,0,FR,0
26427,0,939,3/17/2016,10/12/2018,167,0,KO,0
1921,0,1070,11/2/2015,10/7/2018,168,0,EN,0
6051,0,1910,7/20/2013,10/12/2018,169,0,EN,0
313084,0,973,2/12/2016,10/12/2018,170,0,SV,1
6144,0,1448,10/25/2014,10/12/2018,171,0,ES,0
394,1,635,12/22/2016,9/18/2018,172,0,EN,0
578,0,2005,4/4/2013,9/30/2018,173,0,EN,0
7032,0,1781,11/6/2013,9/22/2018,174,0,EN,0
7355,1,3468,4/5/2009,10/3/2018,175,0,EN,1
832,0,2003,4/17/2013,10/11/2018,176,0,EN,0
472,0,245,2/8/2018,10/11/2018,177,0,EN,0
11603,0,2138,12/4/2012,10/12/2018,178,0,EN,0
976,0,1939,6/8/2013,9/29/2018,179,0,EN,0
5373,0,2457,1/9/2012,10/1/2018,180,0,EN,0
1518,1,2057,2/15/2013,10/4/2018,181,0,EN,0
362,0,1242,5/15/2015,10/8/2018,182,0,EN,0
934086,1,1412,11/30/2014,10/12/2018,183,0,EN,0
785333,1,3631,11/2/2008,10/12/2018,184,0,EN,0
1448,1,402,9/4/2017,10/11/2018,185,0,EN,0
430,0,184,12/15/2017,6/17/2018,186,1,EN,0
27452,1,2011,4/10/2013,10/12/2018,187,0,FR,0
193768,0,721,10/21/2016,10/12/2018,188,0,FR,0
6525,0,1647,4/9/2014,10/12/2018,189,0,EN,0
2850,0,632,1/17/2017,10/11/2018,190,0,PT,0
27815,0,1137,8/30/2015,10/10/2018,191,0,DE,1
2179,1,1324,2/23/2015,10/9/2018,192,0,EN,1
11705,1,2401,3/16/2012,10/12/2018,193,0,EN,1
1326,1,1584,6/9/2014,10/10/2018,194,0,EN,1
960,0,1751,12/9/2013,9/25/2018,195,0,EN,0
19959321,0,1276,4/15/2015,10/12/2018,196,0,EN,0
27924,1,1867,9/1/2013,10/12/2018,197,0,EN,1
2356,1,187,4/8/2018,10/12/2018,198,0,DE,0
4597,1,1577,6/4/2014,9/28/2018,199,0,EN,0
14486,1,1896,8/3/2013,10/12/2018,200,0,ZH,0
1086,0,617,12/29/2016,9/7/2018,201,0,EN,1
5989,1,2236,8/28/2012,10/12/2018,202,0,EN,1
2863112,1,1057,11/20/2015,10/12/2018,203,0,EN,0
3929,1,1701,2/14/2014,10/12/2018,204,0,EN,0
3422,1,906,4/18/2016,10/11/2018,205,0,PT,1
3444,1,1834,9/25/2013,10/3/2018,206,0,EN,1
12276,0,2009,4/12/2013,10/12/2018,207,0,EN,1
6701,1,1783,11/24/2013,10/12/2018,208,0,EN,1
3101,0,1642,4/13/2014,10/11/2018,209,0,EN,1
8723,1,2196,10/1/2012,10/6/2018,210,0,DE,0
8052,0,1627,4/21/2014,10/4/2018,211,0,NL,0
5189,1,1593,6/1/2014,10/11/2018,212,0,EN,1
240,0,433,7/5/2017,9/11/2018,213,0,TH,0
88,0,1665,3/22/2014,10/12/2018,214,0,EN,0
5735,1,1574,6/16/2014,10/7/2018,215,0,RU,0
382,0,706,10/18/2016,9/24/2018,216,0,EN,0
7970,0,1895,8/4/2013,10/12/2018,217,0,JA,1
2871,0,1722,12/9/2013,8/27/2018,218,0,EN,0
1890,1,455,7/8/2017,10/6/2018,219,0,EN,1
251,1,904,4/8/2016,9/29/2018,220,0,EN,0
1081,1,1931,6/23/2013,10/6/2018,221,0,EN,0
1196,0,594,2/25/2017,10/12/2018,222,0,EN,0
26824,1,726,10/11/2016,10/7/2018,223,0,EN,0
15096,1,1215,5/29/2015,9/25/2018,224,0,EN,0
3521,1,1152,8/15/2015,10/10/2018,225,0,EN,1
266842,1,2720,4/29/2011,10/9/2018,226,0,EN,0
2435,0,1178,7/21/2015,10/11/2018,227,0,EN,1
1138,0,607,2/12/2017,10/12/2018,228,0,EN,1
33004,1,1685,3/2/2014,10/12/2018,229,0,EN,1
68338,0,781,8/21/2016,10/11/2018,230,0,KO,0
1907,0,1020,12/25/2015,10/10/2018,231,0,DE,0
1635,0,2213,9/15/2012,10/7/2018,232,0,DE,0
393,1,2404,2/14/2012,9/14/2018,233,0,EN,0
3433,1,1864,8/31/2013,10/8/2018,234,0,EN,1
1973,0,1798,10/23/2013,9/25/2018,235,0,EN,0
291260,1,1258,5/3/2015,10/12/2018,236,0,EN,0
111877,0,2138,11/26/2012,10/4/2018,237,0,EN,0
4482,1,1470,10/2/2014,10/11/2018,238,0,EN,1
702,0,1912,7/8/2013,10/2/2018,239,0,EN,0
3729,1,1435,11/7/2014,10/12/2018,240,0,EN,1
203364,1,502,5/28/2017,10/12/2018,241,0,EN,1
59022,0,2316,6/7/2012,10/10/2018,242,0,EN,1
1058,1,812,7/12/2016,10/2/2018,243,0,EN,0
16344,1,1367,1/14/2015,10/12/2018,244,0,DE,1
791,0,1198,7/1/2015,10/11/2018,245,0,EN,0
1034,1,938,3/18/2016,10/12/2018,246,0,EN,0
2822,0,1626,4/28/2014,10/10/2018,247,0,EN,1
364,1,993,1/19/2016,10/8/2018,248,0,EN,0
24703,1,1377,1/4/2015,10/12/2018,249,0,DE,1
37236,1,1550,7/11/2014,10/8/2018,250,0,RU,1
2013,1,684,11/27/2016,10/12/2018,251,0,EN,0
25443,0,1367,1/13/2015,10/11/2018,252,0,CS,1
2333,0,1150,8/10/2015,10/3/2018,253,0,EN,1
3994,1,931,3/24/2016,10/11/2018,254,0,EN,1
51209,1,539,4/20/2017,10/11/2018,255,0,EN,1
46796,0,1544,7/21/2014,10/12/2018,256,0,FR,1
180,0,1324,10/31/2014,6/16/2018,257,1,EN,0
1002,1,1769,12/7/2013,10/11/2018,258,0,EN,0
17627,0,2091,1/20/2013,10/12/2018,259,0,EN,1
8082,0,2151,7/9/2012,5/30/2018,260,1,EN,0
6370,0,1205,6/24/2015,10/11/2018,261,0,FR,0
2798,0,2199,9/24/2012,10/2/2018,262,0,EN,0
1520,0,2725,4/22/2011,10/7/2018,263,0,EN,0
565,0,1780,11/13/2013,9/28/2018,264,0,EN,0
4953,0,1895,7/31/2013,10/8/2018,265,0,ES,0
2841,0,2229,9/4/2012,10/12/2018,266,0,FR,0
44091,1,2503,12/4/2011,10/11/2018,267,0,EN,1
1596,0,1906,7/18/2013,10/6/2018,268,0,RU,0
63318,1,784,8/19/2016,10/12/2018,269,0,EN,1
4103,0,3070,5/17/2010,10/12/2018,270,0,EN,1
4854942,0,1860,9/8/2013,10/12/2018,271,0,KO,0
5298,0,371,10/2/2017,10/8/2018,272,0,FR,0
583,1,1333,2/16/2015,10/11/2018,273,0,EN,0
297174,0,975,2/10/2016,10/12/2018,274,0,JA,0
7017,1,1943,6/17/2013,10/12/2018,275,0,RU,1
5191,0,1388,12/21/2014,10/9/2018,276,0,EN,1
3340,1,1779,11/28/2013,10/12/2018,277,0,EN,1
1985,1,659,12/12/2016,10/2/2018,278,0,DE,1
15096,0,1983,5/4/2013,10/8/2018,279,0,EN,1
42501,0,1149,8/20/2015,10/12/2018,280,0,TH,0
10058,0,2441,2/2/2012,10/9/2018,281,0,EN,0
17344,0,1024,12/23/2015,10/12/2018,282,0,DE,1
47164,1,1337,2/13/2015,10/12/2018,283,0,DE,1
10692,0,2735,4/14/2011,10/9/2018,284,0,EN,0
2650,0,1049,11/28/2015,10/12/2018,285,0,EN,1
2145045,1,1249,5/12/2015,10/12/2018,286,0,EN,0
1261,0,1760,12/16/2013,10/11/2018,287,0,EN,0
5421,0,2204,9/24/2012,10/7/2018,288,0,EN,1
7186,0,2012,3/16/2013,9/18/2018,289,0,DE,1
16086,0,759,9/13/2016,10/12/2018,290,0,EN,1
3956,0,1354,1/27/2015,10/12/2018,291,0,EN,1
151991,1,1944,6/16/2013,10/12/2018,292,0,DA,1
22458,0,1546,7/19/2014,10/12/2018,293,0,EN,0
713,0,4149,5/22/2007,9/30/2018,294,0,EN,0
16322,1,1710,2/5/2014,10/12/2018,295,0,EN,1
35482,0,2547,10/21/2011,10/11/2018,296,0,SV,0
616,1,1536,7/29/2014,10/12/2018,297,0,EN,0
4654,1,1352,1/29/2015,10/12/2018,298,0,DE,0
3225,1,2443,2/3/2012,10/12/2018,299,0,EN,1
3396,1,1751,12/22/2013,10/8/2018,300,0,EN,1
5594,0,1454,10/19/2014,10/12/2018,301,0,FR,1
34,1,1659,2/21/2014,9/7/2018,302,0,EN,0
8483,1,1491,9/8/2014,10/8/2018,303,0,NL,1
1716,0,2000,4/15/2013,10/6/2018,304,0,EN,0
14531,1,579,3/11/2017,10/11/2018,305,0,EN,1
32682,1,1804,11/3/2013,10/12/2018,306,0,EN,1
778,0,1294,3/28/2015,10/12/2018,307,0,EN,0
2604,0,2285,7/7/2012,10/9/2018,308,0,EN,1
3630,1,1702,2/4/2014,10/3/2018,309,0,EN,0
83,0,646,11/15/2016,8/23/2018,310,0,EN,0
189645,1,1505,8/29/2014,10/12/2018,311,0,EN,1
67320,0,1720,1/26/2014,10/12/2018,312,0,EN,0
1783,0,443,7/26/2017,10/12/2018,313,0,EN,1
32167,0,2377,4/9/2012,10/12/2018,314,0,ZH,0
158,0,1388,12/21/2014,10/9/2018,315,0,EN,0
1212,0,2370,4/16/2012,10/12/2018,316,0,EN,0
4144,0,629,1/4/2017,9/25/2018,317,0,RU,1
4070,0,926,1/28/2016,8/11/2018,318,0,EN,0
354,1,2740,4/10/2011,10/10/2018,319,0,EN,0
12262,1,828,7/6/2016,10/12/2018,320,0,ES,1
677,0,504,5/24/2017,10/10/2018,321,0,EN,0
9458,0,1236,5/21/2015,10/8/2018,322,0,FR,1
2379,0,1788,11/15/2013,10/8/2018,323,0,EN,0
4899,1,1009,1/5/2016,10/10/2018,324,0,EN,1
333150,0,2269,7/23/2012,10/9/2018,325,0,EN,0
3845,1,1135,8/26/2015,10/4/2018,326,0,EN,0
1653,0,879,5/10/2016,10/6/2018,327,0,EN,1
22942,1,1759,11/29/2013,9/23/2018,328,0,EN,1
6555,0,2321,6/3/2012,10/11/2018,329,0,EN,1
4747,1,1908,7/22/2013,10/12/2018,330,0,EN,1
7571,0,1060,11/9/2015,10/4/2018,331,0,ES,1
989,1,2091,12/26/2012,9/17/2018,332,0,OTHER,0
35312,0,1917,7/13/2013,10/12/2018,333,0,EN,1
10,0,1119,7/21/2015,8/13/2018,334,0,EN,0
4937,0,1317,3/5/2015,10/12/2018,335,0,ES,1
3963,1,1097,10/11/2015,10/12/2018,336,0,EN,0
413418,0,2475,1/2/2012,10/12/2018,337,0,RU,0
1092960,1,1982,5/9/2013,10/12/2018,338,0,EN,0
7464,1,2084,1/26/2013,10/11/2018,339,0,DA,1
1026,0,1175,7/24/2015,10/11/2018,340,0,EN,0
426,1,1212,3/15/2015,7/9/2018,341,1,EN,0
4230,0,937,3/16/2016,10/9/2018,342,0,RU,0
3522,1,1964,5/15/2013,9/30/2018,343,0,EN,0
2802,0,1756,12/21/2013,10/12/2018,344,0,ES,0
5294,1,993,1/22/2016,10/11/2018,345,0,EN,1
19598,0,707,11/4/2016,10/12/2018,346,0,KO,1
2833,0,1720,1/25/2014,10/11/2018,347,0,EN,1
2789,0,1348,1/29/2015,10/8/2018,348,0,EN,1
263,0,1698,1/26/2014,9/20/2018,349,0,EN,0
125,0,1435,10/31/2014,10/5/2018,350,0,EN,0
180586,1,800,8/3/2016,10/12/2018,351,0,FR,1
4010,1,1117,9/21/2015,10/12/2018,352,0,EN,1
1942,1,2512,11/20/2011,10/6/2018,353,0,EN,0
3756,1,243,2/11/2018,10/12/2018,354,0,EN,1
6008,1,1103,10/4/2015,10/11/2018,355,0,EN,1
983,0,945,3/10/2016,10/11/2018,356,0,EN,0
15620,0,2647,4/26/2011,7/25/2018,357,0,EN,0
376,1,1880,8/10/2013,10/3/2018,358,0,EN,0
5050,0,1282,3/25/2015,9/27/2018,359,0,EN,1
4776,0,1707,2/8/2014,10/12/2018,360,0,EN,1
3272,1,1886,8/13/2013,10/12/2018,361,0,EN,0
4074,1,975,2/9/2016,10/11/2018,362,0,EN,1
3826,0,1433,11/9/2014,10/12/2018,363,0,EN,1
503,0,1269,3/27/2015,9/16/2018,364,0,EN,0
25219,1,2201,10/2/2012,10/12/2018,365,0,EN,1
857,0,1730,1/4/2014,9/30/2018,366,0,EN,0
1133,0,2268,7/6/2012,9/21/2018,367,0,EN,0
801,1,1400,12/5/2014,10/5/2018,368,0,EN,1
526,1,768,9/2/2016,10/10/2018,369,0,EN,0
7834,1,2078,2/2/2013,10/12/2018,370,0,EN,1
3731,1,1705,2/6/2014,10/8/2018,371,0,EN,1
4156,1,2271,7/21/2012,10/9/2018,372,0,EN,0
2164135,0,2028,3/24/2013,10/12/2018,373,0,EN,0
348,1,1935,6/9/2013,9/26/2018,374,0,EN,0
6877,1,1823,10/13/2013,10/10/2018,375,0,EN,1
1527,0,2816,12/23/2010,9/8/2018,376,0,EN,0
1252,1,1620,5/6/2014,10/12/2018,377,0,EN,0
1060,1,1931,6/25/2013,10/8/2018,378,0,EN,0
165169,0,1590,6/4/2014,10/11/2018,379,0,FR,1
18370,1,2179,9/24/2012,9/12/2018,380,0,EN,1
2213,1,644,12/28/2016,10/3/2018,381,0,EN,1
170,1,585,12/1/2016,7/9/2018,382,1,EN,0
6931,0,1615,4/30/2014,10/1/2018,383,0,EN,0
29549,0,1970,5/5/2013,9/26/2018,384,0,RU,0
52932,1,2171,10/28/2012,10/8/2018,385,0,EN,0
10676,1,2949,9/14/2010,10/11/2018,386,0,EN,1
15722,0,1811,10/27/2013,10/12/2018,387,0,EN,1
24715,1,1356,1/25/2015,10/12/2018,388,0,EN,1
3283,0,1532,8/2/2014,10/12/2018,389,0,DE,0
16054,1,1573,6/20/2014,10/10/2018,390,0,EN,1
377,0,1011,1/2/2016,10/9/2018,391,0,EN,0
3224,0,2241,8/13/2012,10/2/2018,392,0,EN,0
3950,0,2219,9/14/2012,10/12/2018,393,0,EN,1
16990,1,1691,2/7/2014,9/25/2018,394,0,EN,1
2194776,0,3190,1/17/2010,10/12/2018,395,0,EN,0
1896,0,1694,2/21/2014,10/12/2018,396,0,EN,1
335,1,650,12/30/2016,10/11/2018,397,0,EN,0
1039,1,971,1/25/2016,9/22/2018,398,0,DE,0
89458,1,2142,11/30/2012,10/12/2018,399,0,EN,0
18620,0,1561,7/4/2014,10/12/2018,400,0,EN,1
3206,1,1894,7/6/2013,9/12/2018,401,0,EN,0
3044020,0,2111,12/31/2012,10/12/2018,402,0,DE,0
22747,0,1544,7/21/2014,10/12/2018,403,0,RU,1
221388,0,2392,3/12/2012,9/29/2018,404,0,HU,0
117104,0,2154,11/18/2012,10/12/2018,405,0,FR,1
2078,0,785,8/18/2016,10/12/2018,406,0,EN,1
20809,1,2060,2/20/2013,10/12/2018,407,0,EN,0
64,0,1141,8/12/2015,9/26/2018,408,0,EN,0
199491,1,978,2/7/2016,10/12/2018,409,0,ES,0
1410,0,1676,2/2/2014,9/5/2018,410,0,DE,0
6260,0,191,4/3/2018,10/11/2018,411,0,EN,1
16465,1,1759,12/18/2013,10/12/2018,412,0,ZH,1
396,1,1172,7/14/2015,9/28/2018,413,0,EN,0
51899,1,2708,5/14/2011,10/12/2018,414,0,EN,1
706828,0,2209,9/24/2012,10/12/2018,415,0,TR,1
82078,1,2293,7/2/2012,10/12/2018,416,0,EN,1
41446,0,1540,7/25/2014,10/12/2018,417,0,EN,0
796,0,2566,7/21/2011,7/30/2018,418,0,EN,0
1496,1,871,5/24/2016,10/12/2018,419,0,EN,1
844,0,1661,3/16/2014,10/2/2018,420,0,ES,0
10327,0,886,5/8/2016,10/11/2018,421,0,EN,1
2967,1,1599,5/24/2014,10/9/2018,422,0,EN,1
9578,0,1523,8/7/2014,10/8/2018,423,0,EN,0
1104,0,1596,4/12/2014,8/25/2018,424,0,EN,0
2994,0,1122,9/8/2015,10/4/2018,425,0,EN,0
865,0,1639,4/13/2014,10/8/2018,426,0,FR,0
2375,1,1004,1/10/2016,10/10/2018,427,0,EN,1
28865,0,2323,5/29/2012,10/8/2018,428,0,FR,0
3206,1,1317,3/5/2015,10/12/2018,429,0,EN,1
206,0,204,2/26/2018,9/18/2018,430,0,EN,0
512,0,1637,3/19/2014,9/11/2018,431,0,EN,0
2790,1,283,1/2/2018,10/12/2018,432,0,EN,1
1489,1,1633,4/16/2014,10/5/2018,433,0,EN,0
1261,0,2418,2/15/2012,9/29/2018,434,0,EN,0
6376,1,1368,1/13/2015,10/12/2018,435,0,EN,1
771,1,2494,8/31/2011,6/29/2018,436,1,EN,0
7352,1,959,2/24/2016,10/10/2018,437,0,RU,1
1992,0,3125,12/18/2009,7/9/2018,438,1,EN,0
7284,1,2593,9/6/2011,10/12/2018,439,0,EN,1
1408,1,2036,3/16/2013,10/12/2018,440,0,EN,1
691,1,1760,12/13/2013,10/8/2018,441,0,EN,0
6917,0,2003,12/4/2012,5/30/2018,442,1,EN,0
1113,0,1918,7/4/2013,10/4/2018,443,0,EN,0
1449,0,925,3/31/2016,10/12/2018,444,0,EN,1
281370,0,1047,11/30/2015,10/12/2018,445,0,RU,0
7252,0,1980,5/4/2013,10/5/2018,446,0,EN,0
46065,1,2260,7/16/2012,9/23/2018,447,0,EN,0
2552,1,682,11/29/2016,10/12/2018,448,0,EN,1
8074,1,1051,11/10/2015,9/26/2018,449,0,EN,0
115054,1,3039,6/17/2010,10/12/2018,450,0,EN,1
6586,1,1353,1/17/2015,10/1/2018,451,0,EN,0
5225,0,1233,5/28/2015,10/12/2018,452,0,EN,1
1122,1,1528,8/6/2014,10/12/2018,453,0,EN,1
20661,0,1909,7/20/2013,10/11/2018,454,0,EN,1
2685,1,2334,5/18/2012,10/8/2018,455,0,DE,0
17162,1,901,4/24/2016,10/12/2018,456,0,EN,1
71,0,267,1/7/2018,10/1/2018,457,0,PT,0
2412,0,315,11/26/2017,10/7/2018,458,0,EN,0
2839,1,883,5/2/2016,10/2/2018,459,0,EN,1
247,0,1053,10/25/2015,9/12/2018,460,0,DE,0
10246,0,365,10/11/2017,10/11/2018,461,0,EN,1
153058,0,2273,7/22/2012,10/12/2018,462,0,DA,1
8232,0,2423,2/23/2012,10/12/2018,463,0,EN,0
50314,1,2982,7/10/2010,9/8/2018,464,0,EN,0
1782,0,629,1/15/2017,10/6/2018,465,0,PT,0
674,0,1489,9/9/2014,10/7/2018,466,0,EN,0
111571,0,2816,1/24/2011,10/10/2018,467,0,EN,1
2517,0,1094,10/14/2015,10/12/2018,468,0,EN,0
1634,0,1875,8/23/2013,10/11/2018,469,0,EN,0
220508,0,2641,7/18/2011,10/10/2018,470,0,EN,0
1008,0,1721,1/24/2014,10/11/2018,471,0,RU,0
1870,0,592,2/27/2017,10/12/2018,472,0,EN,1
2869,0,1045,11/20/2015,9/30/2018,473,0,EN,1
3913,1,2283,6/18/2012,9/18/2018,474,0,EN,0
14580,0,1298,3/24/2015,10/12/2018,475,0,ZH,0
29,0,1432,2/12/2014,1/14/2018,476,1,OTHER,0
551,1,998,12/5/2015,8/29/2018,477,0,EN,0
4098,1,847,6/14/2016,10/9/2018,478,0,NL,1
657,0,1664,3/21/2014,10/10/2018,479,0,EN,0
6273,0,1935,6/24/2013,10/11/2018,480,0,EN,0
53137,0,3269,10/29/2009,10/11/2018,481,0,FR,1
18116,1,2078,1/31/2013,10/10/2018,482,0,EN,1
18990,1,1346,2/4/2015,10/12/2018,483,0,EN,1
1843,1,2426,2/20/2012,10/12/2018,484,0,EN,1
556,0,1007,11/13/2015,8/16/2018,485,0,EN,0
4562,0,2518,11/13/2011,10/5/2018,486,0,EN,0
4909,0,3113,4/2/2010,10/10/2018,487,0,DE,0
603987,1,1398,12/14/2014,10/12/2018,488,0,DE,0
179,0,1920,7/7/2013,10/9/2018,489,0,ES,0
29158,1,1591,6/3/2014,10/11/2018,490,0,EN,1
6008,1,2004,4/13/2013,10/8/2018,491,0,EN,1
6421,1,1795,11/12/2013,10/12/2018,492,0,EN,1
4058,0,1268,4/20/2015,10/9/2018,493,0,EN,1
225,1,1156,8/11/2015,10/10/2018,494,0,EN,0
7048,0,1990,5/1/2013,10/12/2018,495,0,EN,1
1792,0,2286,6/14/2012,9/17/2018,496,0,EN,0
13008,1,256,1/29/2018,10/12/2018,497,0,EN,1
10771,1,1675,3/11/2014,10/11/2018,498,0,EN,1
8163,0,1520,8/14/2014,10/12/2018,499,0,EN,1
936,0,2094,12/11/2012,9/5/2018,500,0,EN,0
6199,1,741,10/1/2016,10/12/2018,501,0,EN,1
127,0,2011,4/1/2013,10/3/2018,502,0,EN,0
2075,0,1841,9/22/2013,10/7/2018,503,0,ZH,0
3811,0,184,4/10/2018,10/11/2018,504,0,FR,1
2097,1,644,1/6/2017,10/12/2018,505,0,EN,1
6815,0,2035,3/16/2013,10/11/2018,506,0,EN,1
5808,1,387,9/15/2017,10/7/2018,507,0,EN,0
817,0,1298,3/24/2015,10/12/2018,508,0,EN,1
31763,1,741,10/1/2016,10/12/2018,509,0,FR,1
5602,0,1797,11/10/2013,10/12/2018,510,0,IT,1
16798,1,1631,4/22/2014,10/9/2018,511,0,EN,0
5546,0,252,2/2/2018,10/12/2018,512,0,EN,1
208895,0,875,5/20/2016,10/12/2018,513,0,ES,0
261,0,896,3/27/2016,9/9/2018,514,0,EN,0
6399,1,1911,6/27/2013,9/20/2018,515,0,EN,0
375,0,2049,1/28/2013,9/8/2018,516,0,EN,0
6799,1,1311,3/11/2015,10/12/2018,517,0,EN,1
25085,1,368,10/9/2017,10/12/2018,518,0,EN,1
418504,0,2526,11/11/2011,10/11/2018,519,0,EN,0
2399,1,2061,2/19/2013,10/12/2018,520,0,EN,0
2230,1,1569,6/22/2014,10/8/2018,521,0,EN,0
3493,1,775,8/23/2016,10/7/2018,522,0,EN,1
29674,1,1879,7/31/2013,9/22/2018,523,0,EN,0
1679,1,855,6/9/2016,10/12/2018,524,0,DE,1
15542,1,818,7/16/2016,10/12/2018,525,0,EN,1
406,0,1669,3/13/2014,10/7/2018,526,0,EN,0
2616,1,1631,4/25/2014,10/12/2018,527,0,EN,0
5856,0,2605,3/31/2011,5/18/2018,528,1,EN,0
12881,1,3314,9/10/2009,10/7/2018,529,0,EN,1
5588,1,2066,2/14/2013,10/12/2018,530,0,EN,0
98373,0,2321,5/20/2012,9/27/2018,531,0,EN,0
674,1,1342,1/25/2015,9/28/2018,532,0,FR,0
1158,0,1776,11/23/2013,10/4/2018,533,0,EN,0
2557429,0,1933,6/27/2013,10/12/2018,534,0,DE,0
46551,0,2258,8/2/2012,10/8/2018,535,0,EN,1
6019,1,2315,4/22/2012,8/24/2018,536,0,EN,0
4954,0,1588,5/24/2014,9/28/2018,537,0,CS,0
22864,0,545,4/15/2017,10/12/2018,538,0,IT,1
1508,1,1119,9/14/2015,10/7/2018,539,0,EN,0
341,0,957,2/17/2016,10/1/2018,540,0,ES,0
8699,1,721,10/16/2016,10/7/2018,541,0,DE,1
180,0,1629,4/14/2014,9/29/2018,542,0,EN,0
49681,1,2092,1/19/2013,10/12/2018,543,0,EN,1
14,0,579,6/27/2016,1/27/2018,544,1,EN,0
12612,0,1977,5/14/2013,10/12/2018,545,0,ZH,1
11595,1,1176,7/24/2015,10/12/2018,546,0,EN,1
28963,1,1640,4/16/2014,10/12/2018,547,0,EN,1
478,1,474,6/23/2017,10/10/2018,548,0,EN,1
21837,0,1870,8/9/2013,9/22/2018,549,0,DE,0
2157,1,1803,8/24/2013,8/1/2018,550,0,EN,0
158,0,2067,2/11/2013,10/10/2018,551,0,EN,0
20650,1,1161,8/8/2015,10/12/2018,552,0,EN,1
29212,1,1411,12/1/2014,10/12/2018,553,0,HU,1
102858,0,711,10/31/2016,10/12/2018,554,0,KO,0
37,0,239,1/20/2018,9/16/2018,555,0,EN,0
1127,0,1272,4/19/2015,10/12/2018,556,0,EN,0
36583,0,2420,2/20/2012,10/6/2018,557,0,FR,0
622,0,2191,8/18/2012,8/18/2018,558,0,EN,0
1210,1,1782,10/2/2013,8/19/2018,559,0,EN,0
6693,1,1147,8/22/2015,10/12/2018,560,0,RU,1
1837,0,1041,12/2/2015,10/8/2018,561,0,EN,1
5564,1,2251,8/3/2012,10/2/2018,562,0,NL,1
11826,0,1709,2/6/2014,10/12/2018,563,0,FR,1
3126,1,1705,2/7/2014,10/9/2018,564,0,EN,0
25967,1,552,4/8/2017,10/12/2018,565,0,PT,1
1220,0,1801,10/30/2013,10/5/2018,566,0,EN,0
3861,1,1944,5/16/2013,9/11/2018,567,0,EN,1
1056,1,1456,10/15/2014,10/10/2018,568,0,EN,0
1022,0,2088,1/14/2013,10/3/2018,569,0,EN,1
8917,1,1069,11/8/2015,10/12/2018,570,0,EN,1
73452,1,1992,4/29/2013,10/12/2018,571,0,EN,1
28421,0,1541,7/24/2014,10/12/2018,572,0,ES,1
510,0,1724,1/3/2014,9/23/2018,573,0,EN,0
33519,0,2209,9/17/2012,10/5/2018,574,0,PT,1
12106,1,894,5/1/2016,10/12/2018,575,0,EN,1
1201330,0,1987,5/4/2013,10/12/2018,576,0,ES,0
2185,0,2218,9/15/2012,10/12/2018,577,0,EN,1
110,0,2246,8/3/2012,9/27/2018,578,0,EN,0
151245,0,1967,5/24/2013,10/12/2018,579,0,EN,0
13100,1,1909,7/13/2013,10/4/2018,580,0,RU,0
239,0,675,11/26/2016,10/2/2018,581,0,EN,0
21237,1,1250,5/9/2015,10/10/2018,582,0,EN,1
618,0,920,3/30/2016,10/6/2018,583,0,EN,1
11770,1,1562,7/3/2014,10/12/2018,584,0,DE,1
2026095,0,2371,4/15/2012,10/12/2018,585,0,EN,0
2555,1,751,9/20/2016,10/11/2018,586,0,EN,0
1718,1,1294,2/21/2015,9/7/2018,587,0,EN,1
11462,1,192,4/3/2018,10/12/2018,588,0,EN,1
83226,1,1691,2/10/2014,9/28/2018,589,0,EN,0
1774,0,2269,7/20/2012,10/6/2018,590,0,EN,0
4390,0,326,11/20/2017,10/12/2018,591,0,EN,1
3011,1,2035,3/17/2013,10/12/2018,592,0,EN,0
952,0,545,4/15/2017,10/12/2018,593,0,EN,0
3311,0,1286,4/3/2015,10/10/2018,594,0,DE,1
14897,1,2034,3/15/2013,10/9/2018,595,0,EN,1
24286,1,2759,2/25/2011,9/15/2018,596,0,EN,0
2781,1,2075,1/25/2013,10/1/2018,597,0,EN,0
22408,1,951,3/5/2016,10/12/2018,598,0,EN,1
4998,1,4106,7/13/2007,10/9/2018,599,0,EN,0
2841,0,907,4/18/2016,10/12/2018,600,0,EN,1
182875,1,1626,4/30/2014,10/12/2018,601,0,DE,0
423,1,1761,12/12/2013,10/8/2018,602,0,EN,0
2146,0,2249,5/24/2012,7/21/2018,603,0,EN,0
8482,1,535,4/25/2017,10/12/2018,604,0,EN,1
12301,1,659,12/22/2016,10/12/2018,605,0,EN,1
1969,1,1617,5/2/2014,10/5/2018,606,0,EN,1
3602,0,1276,4/14/2015,10/11/2018,607,0,EN,0
2001,0,1249,5/4/2015,10/4/2018,608,0,FR,1
9107,0,674,11/30/2016,10/5/2018,609,0,FR,1
6545,1,1414,11/25/2014,10/9/2018,610,0,RU,1
13033,0,273,1/12/2018,10/12/2018,611,0,KO,1
402,1,1399,11/23/2014,9/22/2018,612,0,EN,0
2547,1,2183,10/20/2012,10/12/2018,613,0,EN,1
70410,0,2035,3/17/2013,10/12/2018,614,0,RU,1
4015,1,1677,3/7/2014,10/9/2018,615,0,EN,1
6461,1,978,1/28/2016,10/2/2018,616,0,EN,1
1245,0,915,4/5/2016,10/7/2018,617,0,EN,0
364,0,484,6/8/2017,10/5/2018,618,0,EN,0
95722,0,1450,10/20/2014,10/9/2018,619,0,EN,0
51777,1,1406,12/5/2014,10/11/2018,620,0,EN,1
822,0,1678,3/6/2014,10/9/2018,621,0,EN,0
22527,0,2357,4/8/2012,9/21/2018,622,0,EN,0
1887,0,1303,8/21/2014,3/16/2018,623,1,EN,0
1085,0,1334,2/15/2015,10/11/2018,624,0,NL,0
1916961,0,2447,1/30/2012,10/12/2018,625,0,EN,0
86140,1,2003,4/3/2013,9/27/2018,626,0,EN,0
7795653,0,890,5/5/2016,10/12/2018,627,0,EN,0
97104,1,1478,9/25/2014,10/12/2018,628,0,FR,0
832,1,1161,8/4/2015,10/8/2018,629,0,EN,0
11802,1,2203,9/29/2012,10/11/2018,630,0,EN,1
1029,1,1876,8/22/2013,10/11/2018,631,0,EN,0
5247,0,804,7/30/2016,10/12/2018,632,0,EN,1
2558,1,1736,1/10/2014,10/12/2018,633,0,EN,1
264,0,610,1/9/2017,9/11/2018,634,0,EN,0
5489,1,2684,6/3/2011,10/8/2018,635,0,DE,0
79676,0,1875,8/24/2013,10/12/2018,636,0,DE,1
3930,0,1718,1/27/2014,10/11/2018,637,0,EN,1
1705,0,1142,8/16/2015,10/1/2018,638,0,EN,0
160,0,1374,1/4/2015,10/9/2018,639,0,EN,0
413,0,680,11/9/2016,9/20/2018,640,0,TH,0
7153,1,2711,5/6/2011,10/7/2018,641,0,ZH,0
4110,1,1017,12/30/2015,10/12/2018,642,0,EN,1
3439,0,391,9/16/2017,10/12/2018,643,0,EN,1
9733,0,2441,2/4/2012,10/11/2018,644,0,EN,1
14512,1,1747,12/28/2013,10/10/2018,645,0,ZH,0
7606,0,370,10/7/2017,10/12/2018,646,0,EN,0
5384,1,1920,7/6/2013,10/8/2018,647,0,EN,1
121,0,2004,12/4/2012,5/31/2018,648,1,EN,0
72606,0,1896,8/3/2013,10/12/2018,649,0,EN,1
465,1,385,9/22/2017,10/12/2018,650,0,EN,0
143,1,384,7/12/2017,7/31/2018,651,0,OTHER,0
55746,1,3671,9/23/2008,10/12/2018,652,0,EN,0
507,0,2663,4/16/2011,7/31/2018,653,0,EN,0
3489,0,1223,6/7/2015,10/12/2018,654,0,EN,1
8290,1,1949,6/7/2013,10/8/2018,655,0,DA,1
26398,0,180,4/15/2018,10/12/2018,656,0,IT,1
12056,0,1891,8/8/2013,10/12/2018,657,0,SV,0
1663,1,801,8/2/2016,10/12/2018,658,0,EN,1
666,0,2712,5/9/2011,10/11/2018,659,0,EN,1
11279,0,2281,7/14/2012,10/12/2018,660,0,ES,1
4828,0,1784,11/22/2013,10/11/2018,661,0,EN,0
12106,0,1214,6/16/2015,10/12/2018,662,0,EN,1
24439,0,854,6/10/2016,10/12/2018,663,0,EN,1
10775,1,1179,7/16/2015,10/7/2018,664,0,EN,1
2419,1,2073,1/21/2013,9/25/2018,665,0,EN,0
974847,1,1488,9/15/2014,10/12/2018,666,0,EN,0
665,1,782,8/18/2016,10/9/2018,667,0,EN,1
3068,0,1986,5/4/2013,10/11/2018,668,0,EN,1
8696,1,1697,2/18/2014,10/12/2018,669,0,EN,1
532,0,1326,2/17/2014,10/5/2017,670,1,OTHER,0
1118,1,1387,11/14/2014,9/1/2018,671,0,ES,0
995,0,937,11/8/2015,6/2/2018,672,1,EN,0
151066,1,1118,9/20/2015,10/12/2018,673,0,RU,1
824,0,1236,5/25/2015,10/12/2018,674,0,EN,0
10044,1,1156,8/13/2015,10/12/2018,675,0,EN,1
290,0,719,6/7/2016,5/27/2018,676,1,EN,0
4939,0,1184,7/15/2015,10/11/2018,677,0,EN,1
510802,0,2270,7/24/2012,10/11/2018,678,0,EN,0
36860,1,1508,8/26/2014,10/12/2018,679,0,EN,0
21793,1,702,11/9/2016,10/12/2018,680,0,EN,1
776,0,1510,7/8/2014,8/26/2018,681,0,EN,0
44253,0,829,7/5/2016,10/12/2018,682,0,EN,1
537,1,2036,2/26/2013,9/24/2018,683,0,EN,0
574,1,2495,12/13/2011,10/12/2018,684,0,EN,0
13996,0,2145,11/26/2012,10/11/2018,685,0,EN,1
6212,0,1573,6/22/2014,10/12/2018,686,0,EN,1
11814,1,1738,1/7/2014,10/11/2018,687,0,EN,0
7739,0,2534,10/31/2011,10/8/2018,688,0,EN,0
1172,0,987,1/29/2016,10/12/2018,689,0,FR,1
161276,1,977,2/8/2016,10/12/2018,690,0,EN,1
11980,0,1938,6/19/2013,10/9/2018,691,0,EN,1
3670,1,1583,6/12/2014,10/12/2018,692,0,EN,1
5165,0,1580,6/15/2014,10/12/2018,693,0,EN,0
9102,1,1360,1/21/2015,10/12/2018,694,0,DE,1
35904,1,1869,8/27/2013,10/9/2018,695,0,PL,1
12178,1,1669,3/18/2014,10/12/2018,696,0,EN,1
160559,1,1621,4/29/2014,10/6/2018,697,0,DE,1
7003,1,790,8/13/2016,10/12/2018,698,0,EN,1
305887,1,2323,6/2/2012,10/12/2018,699,0,RU,0
981,0,2207,9/25/2012,10/11/2018,700,0,ES,0
3722,0,1167,7/24/2015,10/3/2018,701,0,EN,1
15787,0,1890,8/7/2013,10/10/2018,702,0,EN,0
10859,1,1958,5/24/2013,10/3/2018,703,0,EN,1
41160,0,2446,1/31/2012,10/12/2018,704,0,EN,1
403,0,571,3/20/2017,10/12/2018,705,0,EN,0
231400,1,2448,1/29/2012,10/12/2018,706,0,EN,1
8094,1,1970,5/20/2013,10/11/2018,707,0,EN,1
24668,0,480,6/19/2017,10/12/2018,708,0,JA,1
1436,0,2033,2/23/2013,9/18/2018,709,0,EN,0
2040,0,982,2/2/2016,10/11/2018,710,0,CS,0
5063,1,2072,1/8/2013,9/11/2018,711,0,EN,1
753,0,1373,10/9/2014,7/13/2018,712,0,PL,0
3239,0,2500,12/5/2011,10/9/2018,713,0,EN,0
3988046,0,2146,11/26/2012,10/12/2018,714,0,EN,0
1042,0,2027,2/22/2013,9/11/2018,715,0,FR,0
37382,0,717,10/25/2016,10/12/2018,716,0,TR,1
10539,1,926,3/28/2016,10/10/2018,717,0,DE,0
2875,1,1955,6/5/2013,10/12/2018,718,0,EN,1
57879,1,2006,4/13/2013,10/10/2018,719,0,EN,1
985,0,1722,1/1/2014,9/19/2018,720,0,EN,0
8273,1,2187,10/16/2012,10/12/2018,721,0,EN,0
180,0,431,1/25/2017,4/1/2018,722,1,EN,0
387,0,1205,6/25/2015,10/12/2018,723,0,DE,0
17034,0,1843,8/19/2013,9/5/2018,724,0,EN,0
673,0,1000,1/12/2016,10/8/2018,725,0,EN,0
1006,0,1720,1/25/2014,10/11/2018,726,0,ES,0
4919,0,2668,6/23/2011,10/12/2018,727,0,EN,1
3960,0,1517,4/22/2014,6/17/2018,728,1,RU,0
3666,1,1528,8/2/2014,10/8/2018,729,0,EN,1
1076,1,1753,3/20/2013,1/6/2018,730,1,EN,0
173542,1,2289,7/6/2012,10/12/2018,731,0,EN,1
9079,0,378,9/29/2017,10/12/2018,732,0,JA,1
81594,0,1005,1/11/2016,10/12/2018,733,0,EN,1
63,0,936,3/18/2016,10/10/2018,734,0,EN,0
770,1,1895,7/25/2013,10/2/2018,735,0,EN,1
210,0,989,1/19/2016,10/4/2018,736,0,EN,0
652,0,1641,3/11/2014,9/7/2018,737,0,EN,0
8859,1,1752,12/24/2013,10/11/2018,738,0,EN,1
1568,1,2492,10/23/2011,8/19/2018,739,0,EN,0
27567,0,2108,1/2/2013,10/11/2018,740,0,EN,1
50997,1,2070,2/10/2013,10/12/2018,741,0,DE,0
814883,0,2771,3/12/2011,10/12/2018,742,0,DE,1
666,0,583,7/15/2016,2/18/2018,743,1,EN,0
1087,1,606,2/13/2017,10/12/2018,744,0,EN,0
59162,0,818,7/16/2016,10/12/2018,745,0,RU,1
45790,1,3066,5/15/2010,10/6/2018,746,0,EN,1
24582,1,1665,3/22/2014,10/12/2018,747,0,EN,0
1892,0,1928,7/2/2013,10/12/2018,748,0,FI,0
246271,0,431,8/7/2017,10/12/2018,749,0,KO,0
14945,0,2195,10/8/2012,10/12/2018,750,0,EN,1
1049,0,2200,9/29/2012,10/8/2018,751,0,EN,0
5140,0,679,12/2/2016,10/12/2018,752,0,EN,1
2579,0,1704,1/30/2014,9/30/2018,753,0,RU,0
3535,1,232,2/20/2018,10/10/2018,754,0,FR,0
1071,0,775,7/24/2016,9/7/2018,755,0,EN,1
14332,1,958,2/23/2016,10/8/2018,756,0,ES,1
185735,0,877,5/18/2016,10/12/2018,757,0,EN,0
9008,1,2200,9/30/2012,10/9/2018,758,0,DE,1
2593,0,2734,3/30/2011,9/23/2018,759,0,EN,0
1857,1,1276,4/3/2015,9/30/2018,760,0,EN,0
19528,0,1423,11/19/2014,10/12/2018,761,0,RU,0
138795,0,3177,1/28/2010,10/10/2018,762,0,EN,1
12852,1,1381,12/31/2014,10/12/2018,763,0,EN,1
3236,0,546,4/12/2017,10/10/2018,764,0,EN,1
68890,0,1989,5/2/2013,10/12/2018,765,0,EN,1
2995,0,945,3/11/2016,10/12/2018,766,0,EN,1
33939,1,2624,8/6/2011,10/12/2018,767,0,EN,1
3778,1,3295,6/28/2009,7/6/2018,768,1,EN,0
3589,1,2751,3/30/2011,10/10/2018,769,0,EN,1
5870,0,850,6/13/2016,10/11/2018,770,0,EN,1
16966,0,2511,11/27/2011,10/12/2018,771,0,FR,0
36123,1,1754,12/22/2013,10/11/2018,772,0,EN,1
14736,1,1872,8/27/2013,10/12/2018,773,0,EN,1
2907,0,1350,12/24/2014,9/4/2018,774,0,EN,0
11310,1,332,11/14/2017,10/12/2018,775,0,PT,1
86,0,1184,7/10/2015,10/6/2018,776,0,EN,0
53516,1,1376,1/4/2015,10/11/2018,777,0,EN,1
589166,1,1672,3/15/2014,10/12/2018,778,0,HU,0
5568,0,1693,2/22/2014,10/12/2018,779,0,EN,1
171792,1,2480,12/28/2011,10/12/2018,780,0,PL,1
154621,0,1021,12/26/2015,10/12/2018,781,0,JA,1
416566,0,2544,10/25/2011,10/12/2018,782,0,EN,0
11170,0,1643,4/13/2014,10/12/2018,783,0,ES,1
31841,1,1790,11/17/2013,10/12/2018,784,0,EN,1
8966,1,440,7/29/2017,10/12/2018,785,0,EN,1
362165,0,2229,9/4/2012,10/12/2018,786,0,ZH,0
324,1,550,4/7/2017,10/9/2018,787,0,DE,0
6766,0,690,11/21/2016,10/12/2018,788,0,EN,1
4474,1,2116,12/25/2012,10/11/2018,789,0,EN,0
1672,0,1896,8/1/2013,10/10/2018,790,0,EN,1
159754,0,708,11/3/2016,10/12/2018,791,0,TH,0
261,0,1638,4/15/2014,10/9/2018,792,0,EN,0
1289,1,654,12/27/2016,10/12/2018,793,0,EN,0
2474,1,1218,6/11/2015,10/11/2018,794,0,EN,1
18318,0,1500,9/3/2014,10/12/2018,795,0,EN,1
2858859,0,1110,9/28/2015,10/12/2018,796,0,EN,0
21572,1,1643,4/8/2014,10/7/2018,797,0,EN,1
796,1,2068,2/9/2013,10/9/2018,798,0,EN,0
2223,1,873,5/22/2016,10/12/2018,799,0,EN,1
5827,0,1034,12/13/2015,10/12/2018,800,0,JA,1
7648,0,1854,9/14/2013,10/12/2018,801,0,RU,0
1279,1,1694,2/17/2014,10/8/2018,802,0,ZH,0
1607,0,2158,11/14/2012,10/12/2018,803,0,EN,0
4546,0,1206,6/22/2015,10/10/2018,804,0,EN,1
2351,0,1674,3/13/2014,10/12/2018,805,0,EN,1
748,0,1322,2/25/2015,10/9/2018,806,0,EN,0
2444,0,1524,8/8/2014,10/10/2018,807,0,DE,0
169,1,455,5/1/2017,7/30/2018,808,0,EN,0
2202,1,1419,11/19/2014,10/8/2018,809,0,RU,0
20588,1,686,11/25/2016,10/12/2018,810,0,FR,1
2214,0,921,4/3/2016,10/11/2018,811,0,EN,1
2049,1,3439,5/13/2009,10/12/2018,812,0,EN,0
2146,0,1370,1/3/2015,10/4/2018,813,0,EN,0
2782,0,1988,4/17/2013,9/26/2018,814,0,DE,0
1918,0,1785,7/31/2013,6/20/2018,815,1,EN,0
3447,0,2012,4/4/2013,10/7/2018,816,0,EN,0
2191,0,1062,11/14/2015,10/11/2018,817,0,EN,0
8671,0,762,9/10/2016,10/12/2018,818,0,EN,1
9050,0,2218,9/15/2012,10/12/2018,819,0,EN,1
299559,1,1402,12/10/2014,10/12/2018,820,0,EN,1
18642,1,1308,3/14/2015,10/12/2018,821,0,FR,1
420031,0,1488,9/15/2014,10/12/2018,822,0,PL,0
202526,1,715,10/23/2016,10/8/2018,823,0,EN,0
46806,0,2241,8/23/2012,10/12/2018,824,0,RU,1
5215,0,1412,11/20/2014,10/2/2018,825,0,EN,1
2390,0,1029,12/15/2015,10/9/2018,826,0,EN,1
288553,0,2759,2/19/2011,9/9/2018,827,0,EN,1
2359,0,1966,5/25/2013,10/12/2018,828,0,ZH,0
36082,0,2780,2/6/2011,9/17/2018,829,0,PT,0
17672,1,1163,8/6/2015,10/12/2018,830,0,EN,1
43364,1,3445,5/6/2009,10/11/2018,831,0,EN,0
71065,0,1674,3/13/2014,10/12/2018,832,0,PT,1
5665,0,1272,4/19/2015,10/12/2018,833,0,EN,1
1725,1,725,10/17/2016,10/12/2018,834,0,EN,1
434,0,1890,8/9/2013,10/12/2018,835,0,EN,0
19222,1,2391,3/25/2012,10/11/2018,836,0,EN,1
844,0,2405,3/12/2012,10/12/2018,837,0,EN,0
2267,1,751,9/21/2016,10/12/2018,838,0,EN,1
2739,1,1695,1/24/2014,9/15/2018,839,0,ZH,0
9707,1,2406,3/11/2012,10/12/2018,840,0,DE,0
2306,1,1928,7/2/2013,10/12/2018,841,0,EN,1
7171,0,1907,7/23/2013,10/12/2018,842,0,EN,0
16542,1,1943,6/17/2013,10/12/2018,843,0,FR,1
1573,0,1504,8/30/2014,10/12/2018,844,0,EN,0
12263,0,2092,1/18/2013,10/11/2018,845,0,EN,1
3140,1,1327,2/22/2015,10/11/2018,846,0,ZH,0
546,0,660,12/3/2016,9/24/2018,847,0,EN,0
15673,0,1749,12/25/2013,10/9/2018,848,0,EN,1
1392,1,2113,10/25/2012,8/8/2018,849,0,EN,0
34058,1,1635,4/19/2014,10/10/2018,850,0,EN,0
229,1,1911,7/18/2013,10/11/2018,851,0,EN,0
1908,0,2082,1/19/2013,10/2/2018,852,0,EN,0
155,1,1744,9/25/2013,7/5/2018,853,1,EN,0
6410,1,922,4/2/2016,10/11/2018,854,0,EN,1
1139147,0,2043,3/9/2013,10/12/2018,855,0,EN,0
168071,0,3051,6/5/2010,10/12/2018,856,0,EN,0
12177,0,1548,7/2/2014,9/27/2018,857,0,EN,0
1639,0,1814,10/24/2013,10/12/2018,858,0,EN,0
2069,0,1021,12/23/2015,10/9/2018,859,0,EN,0
207528,1,2096,1/14/2013,10/11/2018,860,0,IT,0
232,0,1268,2/16/2015,8/7/2018,861,0,EN,0
2009,0,879,5/15/2016,10/11/2018,862,0,DE,1
2384,0,4023,10/7/2007,10/12/2018,863,0,EN,0
5529,0,1016,12/27/2015,10/8/2018,864,0,DE,0
27736,0,1377,1/2/2015,10/10/2018,865,0,EN,1
3315,1,1910,7/20/2013,10/12/2018,866,0,EN,0
3802,1,1239,5/21/2015,10/11/2018,867,0,EN,1
74582,1,2561,10/8/2011,10/12/2018,868,0,EN,1
12974,0,3067,5/19/2010,10/11/2018,869,0,PT,0
4807,0,391,9/15/2017,10/11/2018,870,0,EN,1
2664,0,351,10/25/2017,10/11/2018,871,0,FR,1
4163,1,1895,8/4/2013,10/12/2018,872,0,EN,1
2188,1,364,9/15/2017,9/14/2018,873,0,DE,0
2675,1,1269,4/7/2015,9/27/2018,874,0,EN,0
26378,1,3382,7/8/2009,10/11/2018,875,0,EN,1
3576,0,1762,12/7/2013,10/4/2018,876,0,TR,0
54736,1,1871,8/28/2013,10/12/2018,877,0,EN,1
8348,0,2179,9/30/2012,9/18/2018,878,0,ZH,0
3725,0,2664,5/24/2011,9/8/2018,879,0,EN,0
884,0,234,2/18/2018,10/10/2018,880,0,EN,0
78,1,1113,9/8/2015,9/25/2018,881,0,EN,0
2507,0,1664,3/23/2014,10/12/2018,882,0,EN,1
1709,0,1780,11/27/2013,10/12/2018,883,0,EN,1
1584,0,1871,8/17/2013,10/1/2018,884,0,EN,0
10000,1,1374,1/7/2015,10/12/2018,885,0,DE,1
72166,1,2058,1/18/2013,9/7/2018,886,0,EN,0
10179,0,2207,8/12/2012,8/28/2018,887,0,EN,0
6544,1,2574,9/23/2011,10/10/2018,888,0,EN,0
6293,1,1669,3/17/2014,10/11/2018,889,0,EN,1
570,0,625,1/25/2017,10/12/2018,890,0,EN,0
2733,1,289,12/26/2017,10/11/2018,891,0,EN,1
6599,1,2116,12/25/2012,10/11/2018,892,0,PT,0
8028,0,1357,12/31/2014,9/18/2018,893,0,RU,0
8442,0,1689,2/24/2014,10/10/2018,894,0,EN,1
15914,1,1111,9/21/2015,10/6/2018,895,0,EN,1
306,0,2024,2/13/2013,8/30/2018,896,0,EN,0
65318,0,1895,8/4/2013,10/12/2018,897,0,EN,1
1294,0,2106,12/31/2012,10/7/2018,898,0,EN,0
10783,1,2172,10/31/2012,10/12/2018,899,0,ES,1
79,1,607,2/7/2017,10/7/2018,900,0,EN,0
520,0,2381,3/27/2012,10/3/2018,901,0,EN,0
4659,1,1451,9/1/2014,8/22/2018,902,0,EN,1
2495,1,1960,5/26/2013,10/7/2018,903,0,DE,1
931,0,413,8/25/2017,10/12/2018,904,0,EN,0
1232,1,2564,6/29/2011,7/6/2018,905,1,EN,0
14678,0,673,12/8/2016,10/12/2018,906,0,EN,1
7696,0,1938,5/8/2013,8/28/2018,907,0,FR,0
59,0,3461,3/5/2009,8/26/2018,908,0,EN,0
488224,1,1921,7/9/2013,10/12/2018,909,0,EN,0
3655,1,1501,9/2/2014,10/12/2018,910,0,ES,1
552302,1,2033,3/19/2013,10/12/2018,911,0,PL,0
72219,0,2372,4/14/2012,10/12/2018,912,0,EN,0
540,0,1787,11/20/2013,10/12/2018,913,0,OTHER,0
13944,1,1425,11/15/2014,10/10/2018,914,0,CS,1
11800,1,1674,3/12/2014,10/11/2018,915,0,EN,1
8138,1,853,6/9/2016,10/10/2018,916,0,EN,0
811198,1,2015,4/6/2013,10/12/2018,917,0,EN,0
3842,1,1154,8/6/2015,10/3/2018,918,0,EN,0
32130,0,1434,11/7/2014,10/11/2018,919,0,EN,1
21283,0,800,8/3/2016,10/12/2018,920,0,FR,0
4312,0,380,9/26/2017,10/11/2018,921,0,ES,1
8716,1,1787,11/15/2013,10/7/2018,922,0,EN,0
82865,0,3756,6/30/2008,10/12/2018,923,0,EN,1
186,1,1058,11/10/2015,10/3/2018,924,0,EN,0
24659,1,1192,7/8/2015,10/12/2018,925,0,DE,1
5413,0,1446,10/27/2014,10/12/2018,926,0,EN,0
79,0,1526,7/27/2014,9/30/2018,927,0,EN,0
12569,0,1928,7/2/2013,10/12/2018,928,0,EN,1
14085,0,2294,6/26/2012,10/7/2018,929,0,DE,0
296,1,658,12/4/2016,9/23/2018,930,0,EN,0
1234,0,1036,12/11/2015,10/12/2018,931,0,EN,0
3403,0,1138,8/31/2015,10/12/2018,932,0,EN,1
18797,0,2039,3/9/2013,10/8/2018,933,0,EN,1
100257,1,3116,4/1/2010,10/12/2018,934,0,ZH,0
4196,1,863,6/1/2016,10/12/2018,935,0,EN,0
2223,1,1854,9/14/2013,10/12/2018,936,0,EN,1
11292,0,1935,6/25/2013,10/12/2018,937,0,RU,1
9416,0,1451,10/20/2014,10/10/2018,938,0,EN,1
20526,0,1239,5/20/2015,10/10/2018,939,0,EN,1
626,0,908,4/14/2016,10/9/2018,940,0,DE,0
36580,1,1772,12/5/2013,10/12/2018,941,0,RU,1
3230,1,1267,4/24/2015,10/12/2018,942,0,EN,0
2050,0,1719,12/13/2013,8/28/2018,943,0,EN,0
8137,0,1777,11/29/2013,10/11/2018,944,0,RU,0
3460,1,1404,12/8/2014,10/12/2018,945,0,EN,1
2898,0,294,11/19/2017,9/9/2018,946,0,DE,0
3349,1,1347,2/3/2015,10/12/2018,947,0,EN,0
856551,0,2319,6/6/2012,10/12/2018,948,0,EN,0
6489,0,1536,7/26/2014,10/9/2018,949,0,EN,0
609,0,1745,12/31/2013,10/11/2018,950,0,EN,0
16080,0,1997,4/22/2013,10/10/2018,951,0,TR,0
13497,1,871,5/24/2016,10/12/2018,952,0,EN,1
10950,1,1776,12/1/2013,10/12/2018,953,0,EN,1
9655,1,1291,3/30/2015,10/11/2018,954,0,EN,0
1280,0,2026,3/23/2013,10/9/2018,955,0,EN,0
920,1,1574,5/16/2014,9/6/2018,956,0,EN,0
891506,1,1281,4/10/2015,10/12/2018,957,0,EN,0
2635,0,1077,10/11/2015,9/22/2018,958,0,RU,0
16732,0,2296,6/28/2012,10/11/2018,959,0,FR,0
651,1,1158,8/4/2015,10/5/2018,960,0,EN,0
118,0,382,1/8/2016,1/24/2017,961,1,EN,0
304,0,460,6/30/2017,10/3/2018,962,0,EN,0
9522,1,282,1/2/2018,10/11/2018,963,0,DE,0
1304,1,1892,6/27/2013,9/1/2018,964,0,EN,0
186,0,1812,8/13/2013,7/30/2018,965,0,EN,0
15630,1,3379,7/11/2009,10/11/2018,966,0,EN,1
5513,1,1298,3/24/2015,10/12/2018,967,0,EN,0
406,1,492,5/8/2017,9/12/2018,968,0,EN,0
4748,1,981,2/3/2016,10/11/2018,969,0,EN,1
3398,1,736,10/3/2016,10/9/2018,970,0,EN,1
134549,1,1878,8/21/2013,10/12/2018,971,0,ZH,1
758,1,924,3/24/2016,10/4/2018,972,0,EN,1
159413,1,2035,3/17/2013,10/12/2018,973,0,EN,1
2522,0,2249,8/15/2012,10/12/2018,974,0,EN,1
967,1,671,11/25/2016,9/27/2018,975,0,RU,0
6307,0,1505,8/26/2014,10/9/2018,976,0,EN,1
2042,1,941,3/13/2016,10/10/2018,977,0,ES,0
9056,1,869,5/26/2016,10/12/2018,978,0,EN,1
2646,1,2017,4/3/2013,10/11/2018,979,0,EN,1
871,0,1785,11/18/2013,10/8/2018,980,0,DE,0
62352,1,1267,4/22/2015,10/10/2018,981,0,PL,1
1223,0,1953,5/30/2013,10/4/2018,982,0,EN,1
2000,0,2064,11/21/2012,7/17/2018,983,0,FR,0
4030,1,2355,5/1/2012,10/12/2018,984,0,EN,1
859,1,2385,2/28/2012,9/9/2018,985,0,EN,0
14889,0,1092,10/15/2015,10/11/2018,986,0,ES,1
49,1,829,6/25/2016,10/2/2018,987,0,EN,0
6434,1,2428,2/18/2012,10/12/2018,988,0,EN,1
41,0,628,1/27/2016,10/16/2017,989,1,EN,0
70853,1,2502,12/6/2011,10/12/2018,990,0,EN,0
310,0,1354,12/21/2014,9/5/2018,991,0,ES,0
19226,0,2345,2/22/2012,7/25/2018,992,0,ZH,0
22606,0,1838,9/29/2013,10/11/2018,993,0,FR,1
93331,0,1745,12/9/2013,9/19/2018,994,0,HU,0
2579,1,2488,12/20/2011,10/12/2018,995,0,EN,1
1562,0,1443,10/30/2014,10/12/2018,996,0,EN,0
8438,1,2965,8/24/2010,10/6/2018,997,0,EN,0
